-- Sample data for Nexa AI Business Hub
-- This file contains sample data for development and testing

-- Insert sample users (passwords are hashed versions of 'password123')
INSERT INTO users (id, email, password_hash, name, company, plan, credits) VALUES
  ('550e8400-e29b-41d4-a716-446655440001', 'john.doe@example.com', '$2a$12$LQv3c1yqBWVHxkd0LHAkCOYz6TtxMQJqhN8/LewdBPj/VcSAg/9qm', 'John Doe', 'Tech Corp', 'pro', 500),
  ('550e8400-e29b-41d4-a716-446655440002', 'jane.smith@example.com', '$2a$12$LQv3c1yqBWVHxkd0LHAkCOYz6TtxMQJqhN8/LewdBPj/VcSAg/9qm', 'Jane Smith', 'Marketing Inc', 'business', 999999),
  ('550e8400-e29b-41d4-a716-446655440003', 'bob.wilson@example.com', '$2a$12$LQv3c1yqBWVHxkd0LHAkCOYz6TtxMQJqhN8/LewdBPj/VcSAg/9qm', 'Bob Wilson', 'Startup LLC', 'free', 5);

-- Insert sample documents
INSERT INTO documents (id, user_id, title, original_filename, content, summary, key_points, action_items, file_type, file_size, status) VALUES
  ('660e8400-e29b-41d4-a716-446655440001', '550e8400-e29b-41d4-a716-446655440001', 'Q4 Business Report', 'q4_report.pdf', 'This is a comprehensive Q4 business report covering sales, marketing, and operational metrics...', 'The Q4 report shows strong growth in sales with a 25% increase over Q3. Marketing campaigns were successful, and operational efficiency improved.', '["25% sales growth", "Successful marketing campaigns", "Improved operational efficiency", "Strong customer retention", "Expanded market reach"]', '["Review marketing budget for Q1", "Implement new operational processes", "Expand sales team", "Launch customer feedback program"]', 'application/pdf', 2048576, 'completed'),
  ('660e8400-e29b-41d4-a716-446655440002', '550e8400-e29b-41d4-a716-446655440002', 'Marketing Strategy 2024', 'marketing_strategy.docx', 'Our 2024 marketing strategy focuses on digital transformation and customer engagement...', 'The 2024 marketing strategy emphasizes digital channels, customer personalization, and data-driven decision making.', '["Digital transformation focus", "Customer personalization", "Data-driven approach", "Multi-channel campaigns", "ROI optimization"]', '["Implement marketing automation", "Train team on new tools", "Set up analytics dashboard", "Create content calendar"]', 'application/vnd.openxmlformats-officedocument.wordprocessingml.document', 1024000, 'completed');

-- Insert sample support queries
INSERT INTO support_queries (id, user_id, subject, message, response, status, category, priority) VALUES
  ('770e8400-e29b-41d4-a716-446655440001', '550e8400-e29b-41d4-a716-446655440001', 'How to upload large documents?', 'I am trying to upload a 15MB PDF file but it seems to fail. What is the maximum file size allowed?', 'The maximum file size allowed is 10MB. For larger files, please consider compressing the PDF or splitting it into smaller sections. You can also contact our support team for assistance with large file processing.', 'resolved', 'Technical', 'medium'),
  ('770e8400-e29b-41d4-a716-446655440002', '550e8400-e29b-41d4-a716-446655440002', 'Billing question about Pro plan', 'I upgraded to Pro plan but my credits have not been updated. Can you help?', 'Thank you for upgrading to Pro! Your credits should be updated within 5 minutes of successful payment. If you are still not seeing the updated credits, please check your billing section or contact our billing support.', 'resolved', 'Billing', 'high'),
  ('770e8400-e29b-41d4-a716-446655440003', '550e8400-e29b-41d4-a716-446655440003', 'Feature request: Export summaries', 'It would be great to have an option to export document summaries as PDF or Word documents.', NULL, 'pending', 'Feature Request', 'low');

-- Insert sample FAQs
INSERT INTO faqs (id, user_id, question, answer, category) VALUES
  ('880e8400-e29b-41d4-a716-446655440001', '550e8400-e29b-41d4-a716-446655440001', 'What file formats are supported for document upload?', 'We support PDF, DOC, DOCX, TXT, and MD file formats. The maximum file size is 10MB per document.', 'Technical'),
  ('880e8400-e29b-41d4-a716-446655440002', '550e8400-e29b-41d4-a716-446655440001', 'How are credits consumed?', 'Each AI operation consumes 1 credit. This includes document summarization, email generation, and support chat responses. Viewing previously generated content does not consume credits.', 'Billing'),
  ('880e8400-e29b-41d4-a716-446655440003', '550e8400-e29b-41d4-a716-446655440002', 'Can I customize the AI responses?', 'Yes, you can provide additional context and specify the tone or style you prefer. The AI will adapt its responses based on your input and preferences.', 'Features'),
  ('880e8400-e29b-41d4-a716-446655440004', '550e8400-e29b-41d4-a716-446655440002', 'Is my data secure?', 'Absolutely! We use enterprise-grade encryption for all data transmission and storage. Your documents and information are never shared with third parties and are processed securely.', 'Security');

-- Insert sample email templates
INSERT INTO email_templates (id, user_id, email_type, customer_name, customer_company, customer_email, subject, content, industry, pain_point, product_interest) VALUES
  ('990e8400-e29b-41d4-a716-446655440001', '550e8400-e29b-41d4-a716-446655440001', 'cold', 'Sarah Johnson', 'Innovation Labs', 'sarah@innovationlabs.com', 'Streamline Your Document Processing with AI', 'Hi Sarah,\n\nI noticed Innovation Labs is always at the forefront of adopting new technologies. I wanted to share how companies like yours are saving 10+ hours per week on document processing using AI-powered summarization.\n\nOur platform helps teams:\n• Extract key insights from lengthy reports in seconds\n• Generate actionable summaries automatically\n• Improve decision-making speed by 40%\n\nWould you be interested in a 15-minute demo to see how this could benefit Innovation Labs?\n\nBest regards,\nJohn', 'Technology', 'Manual document processing', 'AI automation tools'),
  ('990e8400-e29b-41d4-a716-446655440002', '550e8400-e29b-41d4-a716-446655440002', 'follow-up', 'Michael Chen', 'Growth Ventures', 'michael@growthventures.com', 'Following up on our AI automation discussion', 'Hi Michael,\n\nThank you for taking the time to discuss your document processing challenges last week. As promised, I wanted to follow up with some additional information.\n\nBased on our conversation about the 20+ hours your team spends weekly on report analysis, I believe our AI platform could provide significant value:\n\n• Case Study: Similar company reduced processing time by 75%\n• ROI Calculator: Shows potential savings of $50K+ annually\n• Free Trial: 30-day trial with full feature access\n\nWould next Tuesday work for a brief demo with your team?\n\nBest regards,\nJane', 'Venture Capital', 'Time-consuming report analysis', 'AI document processing'),
  ('990e8400-e29b-41d4-a716-446655440003', '550e8400-e29b-41d4-a716-446655440001', 'proposal', 'David Rodriguez', 'Consulting Group', 'david@consultinggroup.com', 'Proposal: AI-Powered Document Intelligence Solution', 'Hi David,\n\nBased on our discussions about Consulting Group''s need to process client documents more efficiently, I''m excited to present our AI-powered solution.\n\n**Your Challenge:**\n• 40+ hours weekly spent on document analysis\n• Inconsistent summary quality\n• Delayed client deliverables\n\n**Our Solution:**\n• Phase 1: AI summarization implementation (Week 1-2)\n• Phase 2: Custom workflow integration (Week 3-4)\n• Phase 3: Team training and optimization (Week 5-6)\n\n**Expected Outcomes:**\n• 70% reduction in processing time\n• Standardized, high-quality summaries\n• Faster client turnaround\n\n**Investment:** $2,500/month for Pro plan + implementation\n\nShall we schedule a call to discuss the next steps?\n\nBest regards,\nJohn', 'Consulting', 'Inefficient document processing', 'AI document intelligence');

-- Insert sample sent emails
INSERT INTO sent_emails (id, user_id, email_template_id, recipient_email, sender_name, sender_email, subject, content, sent_at) VALUES
  ('aa0e8400-e29b-41d4-a716-446655440001', '550e8400-e29b-41d4-a716-446655440001', '990e8400-e29b-41d4-a716-446655440001', 'sarah@innovationlabs.com', 'John Doe', 'john.doe@example.com', 'Streamline Your Document Processing with AI', 'Hi Sarah,\n\nI noticed Innovation Labs is always at the forefront of adopting new technologies...', NOW() - INTERVAL '2 days'),
  ('aa0e8400-e29b-41d4-a716-446655440002', '550e8400-e29b-41d4-a716-446655440002', '990e8400-e29b-41d4-a716-446655440002', 'michael@growthventures.com', 'Jane Smith', 'jane.smith@example.com', 'Following up on our AI automation discussion', 'Hi Michael,\n\nThank you for taking the time to discuss your document processing challenges...', NOW() - INTERVAL '1 day');

-- Insert sample credit usage
INSERT INTO credit_usage (id, user_id, module, action, credits_used, metadata) VALUES
  ('bb0e8400-e29b-41d4-a716-446655440001', '550e8400-e29b-41d4-a716-446655440001', 'summarizer', 'summarize', 1, '{"document_id": "660e8400-e29b-41d4-a716-446655440001", "file_size": 2048576}'),
  ('bb0e8400-e29b-41d4-a716-446655440002', '550e8400-e29b-41d4-a716-446655440002', 'summarizer', 'summarize', 1, '{"document_id": "660e8400-e29b-41d4-a716-446655440002", "file_size": 1024000}'),
  ('bb0e8400-e29b-41d4-a716-446655440003', '550e8400-e29b-41d4-a716-446655440001', 'sales', 'generateEmail', 1, '{"email_type": "cold", "customer_company": "Innovation Labs"}'),
  ('bb0e8400-e29b-41d4-a716-446655440004', '550e8400-e29b-41d4-a716-446655440002', 'sales', 'generateEmail', 1, '{"email_type": "follow-up", "customer_company": "Growth Ventures"}'),
  ('bb0e8400-e29b-41d4-a716-446655440005', '550e8400-e29b-41d4-a716-446655440001', 'sales', 'generateEmail', 1, '{"email_type": "proposal", "customer_company": "Consulting Group"}'),
  ('bb0e8400-e29b-41d4-a716-446655440006', '550e8400-e29b-41d4-a716-446655440002', 'support', 'generateFaqs', 1, '{"category": "Technical", "faq_count": 4}');

-- Update user credits to reflect usage
UPDATE users SET credits = credits - 3 WHERE id = '550e8400-e29b-41d4-a716-446655440001';
UPDATE users SET credits = credits - 3 WHERE id = '550e8400-e29b-41d4-a716-446655440002';